epoch,train_loss,train_f1,val_loss,val_f1
1,0.5104126741080524,0.6451612903225806,0.5259474496291988,0.6
2,0.28790333438409516,0.8333333333333334,0.4685874556808315,0.672
3,0.1817255896520397,0.9017341040462428,0.40715941161285213,0.7049180327868853
4,0.1316494266736453,0.9441233140655106,0.4309219823452671,0.75
5,0.09429124412743468,0.9518304431599229,0.4608300946376942,0.7454545454545455
6,0.06218529087767753,0.9668615984405458,0.44498301165584675,0.7592592592592593
7,0.045023462552254055,0.9783889980353635,0.47956974148259734,0.7256637168141593
8,0.03795179912658859,0.9785575048732943,0.60496132462113,0.75
9,0.012526909824988068,0.9980276134122288,0.5791044227870894,0.7476635514018691
10,0.006628116215345318,1.0,0.6400176357830503,0.7387387387387387
11,0.0045242102101198545,1.0,0.6922888941602943,0.7339449541284404
